run_identifier,top1,top3,top5,top10,found,total,number_of_samples,mrr,percentage@1,percentage@3,percentage@5,percentage@10,percentage_found,precision@1,precision@3,precision@5,precision@10,f_beta@1,f_beta@3,f_beta@5,f_beta@10,MAP@1,MAP@3,MAP@5,MAP@10,NDCG@3,NDCG@5,NDCG@10,true_positives,false_positives,true_negatives,false_negatives,sensitivity,specificity,precision,negative_predictive_value,false_positive_rate,false_discovery_rate,false_negative_rate,accuracy,f1_score,matthews_correlation_coefficient
Claude-Opus-4_RAG_MONDO,108,122,124,126,126,203,200,0.567329345531316,53.20197044334975,60.09852216748769,61.083743842364534,62.06896551724138,62.06896551724138,0.54,0.20333333333333334,0.124,0.063,0.5359801488833748,0.3038605230386052,0.20615128844555278,0.11438946890603721,0.54,0.5675,0.567,0.5683392857142857,0.5739278926071436,0.5705088597346644,0.5681458303090564,108,92,970,95,0.5320197044334976,0.9133709981167608,0.54,0.9107981220657277,0.08662900188323917,0.46,0.46798029556650245,0.8521739130434782,0.5359801488833746,0.4480862554187437
Claude-Opus-4_RAG_OMIM,107,119,120,122,122,200,200,0.5648392857142857,53.5,59.5,60.0,61.0,61.0,0.535,0.19833333333333333,0.12,0.061,0.535,0.2975,0.19999999999999998,0.1109090909090909,0.535,0.5625,0.5634999999999999,0.5648392857142857,0.5689278926071435,0.56666246068179,0.5645296611507363,107,93,958,93,0.535,0.9115128449096099,0.535,0.9115128449096099,0.08848715509039011,0.465,0.465,0.8513189448441247,0.535,0.4465128449096099
