run_identifier,top1,top3,top5,top10,found,total,number_of_samples,mrr,percentage@1,percentage@3,percentage@5,percentage@10,percentage_found,precision@1,precision@3,precision@5,precision@10,f_beta@1,f_beta@3,f_beta@5,f_beta@10,MAP@1,MAP@3,MAP@5,MAP@10,NDCG@3,NDCG@5,NDCG@10,true_positives,false_positives,true_negatives,false_negatives,sensitivity,specificity,precision,negative_predictive_value,false_positive_rate,false_discovery_rate,false_negative_rate,accuracy,f1_score,matthews_correlation_coefficient
Claude-Opus-4_RAG_MONDO,108,120,121,123,123,200,200,0.5698392857142857,54.0,60.0,60.5,61.5,61.5,0.54,0.2,0.121,0.0615,0.54,0.3,0.20166666666666666,0.11181818181818183,0.54,0.5674999999999999,0.5684999999999999,0.5698392857142857,0.5739278926071436,0.57166246068179,0.5695296611507363,108,92,968,92,0.54,0.9132075471698113,0.54,0.9132075471698113,0.08679245283018867,0.46,0.46,0.8539682539682539,0.54,0.4532075471698113
DEEPSEEK-R1_RAG_MONDO,109,118,119,119,119,200,200,0.5668333333333333,54.5,59.0,59.5,59.5,59.5,0.545,0.19666666666666666,0.119,0.0595,0.545,0.295,0.19833333333333333,0.10818181818181817,0.545,0.5658333333333333,0.5668333333333334,0.5668333333333334,0.5704459194553577,0.5693557389859923,0.5646864407671576,109,91,671,91,0.545,0.8805774278215223,0.545,0.8805774278215223,0.1194225721784777,0.455,0.455,0.8108108108108109,0.545,0.4255774278215223
GPT-4o-MONDO_RAG,91,98,99,99,99,200,200,0.47208333333333335,45.5,49.0,49.5,49.5,49.5,0.455,0.16333333333333333,0.099,0.0495,0.455,0.245,0.165,0.09,0.455,0.47083333333333327,0.47208333333333335,0.47208333333333335,0.47479127068750043,0.4744845911887938,0.4707491526137261,91,109,479,109,0.455,0.814625850340136,0.455,0.814625850340136,0.18537414965986396,0.545,0.545,0.7233502538071066,0.455,0.26962585034013603
GEMINI_RAG_MONDO,80,93,93,93,93,200,200,0.4308333333333333,40.0,46.5,46.5,46.5,46.5,0.4,0.155,0.093,0.0465,0.4000000000000001,0.2325,0.15499999999999997,0.08454545454545453,0.4,0.43083333333333335,0.4308333333333333,0.43083333333333335,0.4367552169910722,0.43166246068179004,0.42559237299730485,80,117,479,120,0.4,0.8036912751677853,0.40609137055837563,0.7996661101836394,0.19630872483221476,0.5939086294416244,0.6,0.7022613065326633,0.40302267002518893,0.2047217712595611
