Model,N Cases,Mean RR,Median RR,Std RR,Q1 RR,Q3 RR,Min RR,Max RR
Claude-Opus-4,800,0.3001309523809524,0.0,0.42949887726577635,0.0,1.0,0.0,1.0
GPT-4o,800,0.19291666666666668,0.0,0.37403370874531855,0.0,0.0,0.0,1.0
Gemini-2.5-Flash,800,0.2493452380952381,0.0,0.3981857194893049,0.0,0.5,0.0,1.0
DeepSeek-R1,800,0.2565555555555556,0.0,0.40917855078162774,0.0,0.5,0.0,1.0
Exomiser,800,1.0,1.0,0.0,1.0,1.0,1.0,1.0
