Model,N Cases,Mean RR,Median RR,Std RR,Q1 RR,Q3 RR,Min RR,Max RR
Claude-Opus-4,800,0.5648392857142857,1.0,0.47880414972801644,0.0,1.0,0.0,1.0
GPT-4o,800,0.46208333333333335,0.0,0.48903231403115544,0.0,1.0,0.0,1.0
Gemini-2.5-Flash,800,0.3858333333333333,0.0,0.4674331503006607,0.0,1.0,0.0,1.0
DeepSeek-R1,800,0.5518333333333333,1.0,0.4853257497118129,0.0,1.0,0.0,1.0
Exomiser,800,1.0,1.0,0.0,1.0,1.0,1.0,1.0
